{
  "name": "call-of-cthulhu-7th-babele-de",
  "title": "Call of Cthulhu 7th Babele German",
  "description": "Deutsche Übersetzung von avlockV's Call of Cthulhu 7th module für Foundry VTT mit babele -  Call of Cthulhu 7th (HavlockV/CoC7-FoundryVTT) german translation using Babele",
  "version": "1.0.2",
  "minimumCoreVersion" : "0.7.0",
  "compatibleCoreVersion":"0.7.9",
  "author": "Michael Heigl(xmichix)",
  "esmodules": ["babele-register.js"],
  "scripts": [],
  "styles": [],
  "dependencies": [
    {
      "name": "babele",
      "manifest": "https://gitlab.com/riccisi/foundryvtt-babele/raw/master/module/module.json",
      "version": "1.20"
    },
    {
      "name": "CoC7",
      "type": "system",
      "version": "0.5.4"
    }
  ],
  "packs": [],
  "languages": [
    {
      "lang": "de",
      "name": "German",
      "path": "lang/de.json"
    }
  ],
  "system": "CoC7",
  "systemVersion": "0.5.4",
  "url": "https://github.com/xmichix/call-of-cthulhu-7th-babele-de",
  "manifest": "https://github.com/xmichix/call-of-cthulhu-7th-babele-de/releases/download/1.0.2/module.json",
  "download": "https://github.com/xmichix/call-of-cthulhu-7th-babele-de/releases/download/1.0.2/master.zip"
}
